order_id,product_id,quantity,unit_price
1,47,3,13.91
2,16,2,119.4
2,7,3,170.18
2,42,2,192.27
2,43,2,28.96
3,45,1,117.42
3,15,2,224.88
3,13,3,236.29
4,23,1,86.35
4,9,1,28.35
4,5,3,364.33
4,48,2,145.41
5,43,2,28.96
6,45,2,117.42
6,3,2,329.4
7,1,2,379.41
7,24,2,173.9
7,36,2,307.01
7,16,1,119.4
8,1,2,379.41
8,25,1,188.91
9,16,3,119.4
9,50,1,91.19
10,26,3,147.83
10,3,2,329.4
11,6,3,19.81
11,34,1,65.03
12,47,2,13.91
12,10,2,53.9
12,47,3,13.91
13,47,3,13.91
13,33,1,70.16
13,34,3,65.03
13,37,1,316.69
14,6,1,19.81
14,3,1,329.4
15,29,3,212.45
15,4,3,149.45
15,2,3,262.12
15,35,3,171.57
16,30,1,293.13
17,43,3,28.96
18,17,1,218.57
19,32,2,51.64
19,5,2,364.33
19,44,2,260.62
19,50,1,91.19
20,5,3,364.33
20,10,2,53.9
21,40,3,319.77
21,9,1,28.35
21,31,1,245.54
22,45,1,117.42
23,30,2,293.13
23,30,1,293.13
23,36,1,307.01
24,19,2,45.71
25,25,1,188.91
25,14,1,390.62
25,38,1,139.35
26,9,3,28.35
26,41,3,336.79
26,18,1,126.85
27,32,2,51.64
27,2,1,262.12
27,1,2,379.41
27,44,2,260.62
28,27,2,318.78
28,25,2,188.91
29,49,2,51.25
29,26,1,147.83
29,13,3,236.29
30,5,2,364.33
30,25,3,188.91
30,5,2,364.33
31,7,1,170.18
31,43,2,28.96
31,41,1,336.79
32,13,2,236.29
32,28,1,37.33
32,49,3,51.25
33,47,1,13.91
33,4,3,149.45
34,42,2,192.27
34,32,1,51.64
35,27,2,318.78
35,19,2,45.71
35,17,3,218.57
35,48,3,145.41
36,20,2,257.37
36,36,3,307.01
37,5,1,364.33
37,33,2,70.16
38,49,2,51.25
38,28,1,37.33
38,36,1,307.01
39,36,1,307.01
39,21,1,43.49
39,24,2,173.9
40,25,2,188.91
40,48,3,145.41
40,14,2,390.62
40,18,2,126.85
41,37,2,316.69
41,9,3,28.35
41,33,3,70.16
42,16,2,119.4
42,26,3,147.83
42,29,2,212.45
43,28,3,37.33
44,1,1,379.41
44,26,3,147.83
44,30,2,293.13
44,16,1,119.4
45,47,3,13.91
46,1,1,379.41
47,9,3,28.35
47,17,3,218.57
47,41,2,336.79
48,20,3,257.37
49,15,3,224.88
49,1,1,379.41
49,35,2,171.57
50,31,3,245.54
50,16,3,119.4
51,4,1,149.45
51,13,2,236.29
51,44,3,260.62
52,43,2,28.96
52,24,1,173.9
53,46,2,355.38
53,24,3,173.9
53,26,1,147.83
54,14,2,390.62
55,30,1,293.13
55,17,2,218.57
56,15,2,224.88
56,27,3,318.78
57,4,1,149.45
57,2,3,262.12
57,10,2,53.9
57,4,3,149.45
58,46,2,355.38
58,47,1,13.91
58,6,1,19.81
58,22,1,227.93
59,3,2,329.4
59,43,3,28.96
59,25,2,188.91
59,22,2,227.93
60,18,1,126.85
61,25,2,188.91
61,50,2,91.19
62,13,2,236.29
62,35,2,171.57
62,13,2,236.29
62,24,3,173.9
63,16,3,119.4
63,50,2,91.19
63,3,2,329.4
63,3,2,329.4
64,48,1,145.41
64,39,2,239.78
65,17,3,218.57
66,20,1,257.37
66,47,3,13.91
66,41,1,336.79
67,46,2,355.38
67,50,2,91.19
67,17,2,218.57
67,32,1,51.64
68,45,1,117.42
68,39,1,239.78
68,21,2,43.49
69,33,1,70.16
70,5,3,364.33
70,3,2,329.4
70,36,3,307.01
70,21,1,43.49
71,40,1,319.77
71,14,1,390.62
71,27,2,318.78
72,9,2,28.35
72,30,3,293.13
73,50,2,91.19
74,24,2,173.9
74,48,2,145.41
74,13,2,236.29
75,10,2,53.9
75,38,1,139.35
76,16,3,119.4
76,34,1,65.03
76,42,1,192.27
77,1,2,379.41
78,19,1,45.71
79,5,2,364.33
79,33,1,70.16
80,7,3,170.18
81,3,2,329.4
81,22,1,227.93
82,39,3,239.78
83,27,3,318.78
83,24,1,173.9
83,40,2,319.77
84,36,2,307.01
84,5,2,364.33
84,7,2,170.18
84,43,3,28.96
85,42,1,192.27
86,19,3,45.71
86,20,2,257.37
86,4,2,149.45
86,48,3,145.41
87,50,2,91.19
88,14,1,390.62
88,28,1,37.33
88,28,1,37.33
88,6,2,19.81
89,9,1,28.35
89,4,3,149.45
90,37,3,316.69
91,23,2,86.35
91,11,3,254.1
92,32,1,51.64
92,20,1,257.37
92,3,2,329.4
92,21,1,43.49
93,46,3,355.38
94,40,2,319.77
94,40,1,319.77
95,3,2,329.4
95,34,1,65.03
96,16,3,119.4
96,13,1,236.29
97,8,2,40.83
97,39,2,239.78
97,36,3,307.01
98,20,3,257.37
98,16,2,119.4
98,25,3,188.91
98,24,2,173.9
99,1,3,379.41
100,49,3,51.25
100,50,2,91.19
100,12,2,379.35
100,26,1,147.83
101,24,1,173.9
101,29,3,212.45
101,33,3,70.16
101,3,1,329.4
102,50,3,91.19
102,33,1,70.16
102,4,3,149.45
103,5,3,364.33
104,9,2,28.35
104,19,1,45.71
105,40,2,319.77
105,11,2,254.1
105,40,2,319.77
106,14,3,390.62
106,17,3,218.57
106,33,1,70.16
106,21,2,43.49
107,11,3,254.1
107,18,3,126.85
107,21,2,43.49
107,11,2,254.1
108,29,3,212.45
108,34,3,65.03
108,45,1,117.42
109,48,2,145.41
109,17,2,218.57
109,24,3,173.9
109,10,2,53.9
110,12,3,379.35
110,48,1,145.41
111,41,3,336.79
111,43,2,28.96
111,47,1,13.91
112,19,3,45.71
112,41,2,336.79
113,9,2,28.35
114,2,1,262.12
115,7,3,170.18
115,23,3,86.35
115,15,2,224.88
116,14,2,390.62
116,40,2,319.77
117,46,1,355.38
117,29,1,212.45
118,26,2,147.83
118,1,1,379.41
118,42,3,192.27
119,39,3,239.78
119,47,2,13.91
119,16,1,119.4
119,1,1,379.41
120,12,1,379.35
120,11,1,254.1
120,50,1,91.19
120,1,3,379.41
121,27,1,318.78
121,34,3,65.03
122,40,1,319.77
122,33,2,70.16
122,5,2,364.33
122,41,1,336.79
123,25,2,188.91
124,12,1,379.35
124,7,2,170.18
124,15,3,224.88
124,3,1,329.4
125,18,3,126.85
126,19,3,45.71
126,14,1,390.62
126,33,1,70.16
127,11,3,254.1
127,21,1,43.49
128,25,3,188.91
128,45,3,117.42
129,2,2,262.12
130,14,2,390.62
130,40,3,319.77
130,5,3,364.33
131,8,1,40.83
132,45,1,117.42
132,2,1,262.12
133,45,1,117.42
134,13,3,236.29
134,43,1,28.96
134,49,3,51.25
135,14,1,390.62
135,3,1,329.4
136,31,1,245.54
136,9,1,28.35
136,49,3,51.25
137,28,2,37.33
137,2,2,262.12
137,17,2,218.57
138,19,3,45.71
138,48,1,145.41
138,27,1,318.78
138,28,3,37.33
139,46,1,355.38
139,35,3,171.57
139,14,3,390.62
139,6,3,19.81
140,34,1,65.03
141,32,1,51.64
141,32,3,51.64
141,12,2,379.35
142,37,1,316.69
142,19,1,45.71
142,45,1,117.42
143,32,3,51.64
144,23,1,86.35
144,26,2,147.83
144,48,1,145.41
145,14,2,390.62
145,17,2,218.57
145,35,3,171.57
146,30,1,293.13
146,35,3,171.57
147,23,3,86.35
148,43,3,28.96
148,48,2,145.41
148,11,2,254.1
148,29,3,212.45
149,9,2,28.35
149,30,3,293.13
150,18,2,126.85
150,49,3,51.25
151,16,3,119.4
151,21,3,43.49
152,21,1,43.49
152,17,3,218.57
153,13,2,236.29
154,28,2,37.33
154,13,1,236.29
154,41,1,336.79
155,3,1,329.4
155,26,2,147.83
155,45,1,117.42
155,33,3,70.16
156,17,3,218.57
156,48,2,145.41
157,15,3,224.88
157,47,3,13.91
157,50,3,91.19
157,45,3,117.42
158,30,2,293.13
159,27,1,318.78
160,28,2,37.33
160,30,1,293.13
160,40,2,319.77
161,42,2,192.27
161,50,1,91.19
162,17,3,218.57
163,34,2,65.03
163,7,3,170.18
164,33,1,70.16
164,41,2,336.79
164,34,2,65.03
164,27,3,318.78
165,26,3,147.83
165,49,1,51.25
166,17,2,218.57
167,5,2,364.33
168,38,2,139.35
168,7,1,170.18
168,20,3,257.37
169,30,1,293.13
169,11,1,254.1
169,50,1,91.19
169,41,1,336.79
170,10,2,53.9
170,43,3,28.96
171,50,2,91.19
171,23,1,86.35
172,28,3,37.33
172,12,2,379.35
172,1,3,379.41
173,21,2,43.49
173,32,2,51.64
173,40,3,319.77
174,20,2,257.37
174,4,1,149.45
175,41,3,336.79
175,1,3,379.41
175,1,1,379.41
176,39,1,239.78
176,38,1,139.35
176,15,1,224.88
177,14,2,390.62
177,35,1,171.57
178,43,3,28.96
179,45,1,117.42
179,34,1,65.03
179,48,2,145.41
179,43,1,28.96
180,15,1,224.88
180,31,2,245.54
180,36,1,307.01
180,31,2,245.54
181,32,1,51.64
181,35,3,171.57
182,30,3,293.13
182,37,2,316.69
182,43,2,28.96
183,44,1,260.62
183,12,3,379.35
183,24,3,173.9
183,42,1,192.27
184,7,3,170.18
184,31,2,245.54
184,49,1,51.25
185,41,1,336.79
185,22,1,227.93
185,43,2,28.96
185,22,2,227.93
186,19,2,45.71
186,22,2,227.93
187,19,2,45.71
187,32,2,51.64
187,22,3,227.93
188,42,2,192.27
188,8,2,40.83
189,9,3,28.35
189,41,1,336.79
189,3,2,329.4
190,26,2,147.83
191,31,3,245.54
191,50,3,91.19
192,40,1,319.77
192,41,3,336.79
192,45,3,117.42
192,39,3,239.78
193,41,1,336.79
193,7,3,170.18
193,12,1,379.35
193,27,1,318.78
194,20,3,257.37
194,46,2,355.38
195,21,1,43.49
196,32,3,51.64
197,37,3,316.69
197,26,2,147.83
197,5,1,364.33
197,44,2,260.62
198,31,2,245.54
198,36,1,307.01
199,10,3,53.9
199,1,2,379.41
200,6,1,19.81
201,18,3,126.85
202,4,2,149.45
202,50,3,91.19
203,19,3,45.71
204,4,3,149.45
204,3,1,329.4
204,4,1,149.45
205,25,2,188.91
206,39,1,239.78
206,21,2,43.49
206,37,3,316.69
206,29,2,212.45
207,24,3,173.9
208,25,2,188.91
208,18,3,126.85
208,22,2,227.93
208,18,1,126.85
209,39,3,239.78
209,1,1,379.41
209,39,2,239.78
210,25,3,188.91
210,25,3,188.91
210,50,1,91.19
210,29,2,212.45
211,18,2,126.85
211,11,3,254.1
211,49,1,51.25
212,18,3,126.85
212,44,2,260.62
213,25,1,188.91
213,49,3,51.25
213,15,2,224.88
213,39,1,239.78
214,17,3,218.57
214,49,1,51.25
215,35,2,171.57
216,38,3,139.35
216,17,3,218.57
216,21,2,43.49
216,33,3,70.16
217,6,1,19.81
217,45,2,117.42
218,26,3,147.83
218,10,1,53.9
218,3,2,329.4
219,6,1,19.81
219,21,3,43.49
219,2,2,262.12
219,18,3,126.85
220,14,3,390.62
221,17,2,218.57
221,28,1,37.33
222,17,1,218.57
222,22,1,227.93
223,4,1,149.45
224,32,1,51.64
224,39,3,239.78
224,26,1,147.83
224,46,1,355.38
225,42,1,192.27
225,43,3,28.96
226,24,1,173.9
226,47,1,13.91
227,4,3,149.45
227,2,1,262.12
227,17,3,218.57
228,7,1,170.18
229,38,3,139.35
229,29,3,212.45
229,7,2,170.18
230,8,2,40.83
230,31,2,245.54
230,11,2,254.1
230,16,1,119.4
231,3,1,329.4
231,15,1,224.88
232,50,2,91.19
232,7,2,170.18
233,22,2,227.93
233,15,2,224.88
233,8,3,40.83
233,24,1,173.9
234,12,3,379.35
235,10,2,53.9
235,27,2,318.78
235,16,1,119.4
235,2,2,262.12
236,17,2,218.57
236,7,2,170.18
237,33,1,70.16
237,41,3,336.79
238,8,2,40.83
238,49,1,51.25
238,24,2,173.9
239,25,2,188.91
240,10,3,53.9
240,2,2,262.12
240,33,2,70.16
241,34,2,65.03
242,27,1,318.78
243,12,3,379.35
243,50,1,91.19
244,6,3,19.81
245,14,1,390.62
245,40,3,319.77
246,13,1,236.29
246,5,3,364.33
246,47,3,13.91
247,22,2,227.93
247,41,2,336.79
247,6,1,19.81
248,16,1,119.4
248,37,2,316.69
248,3,1,329.4
249,23,3,86.35
250,23,3,86.35
251,37,1,316.69
251,19,1,45.71
251,47,2,13.91
251,29,3,212.45
252,2,1,262.12
252,6,1,19.81
253,20,2,257.37
254,45,3,117.42
255,34,1,65.03
255,45,2,117.42
255,7,2,170.18
255,7,3,170.18
256,30,2,293.13
257,8,1,40.83
258,15,1,224.88
258,43,3,28.96
259,41,2,336.79
260,26,1,147.83
261,16,2,119.4
261,46,2,355.38
261,37,2,316.69
261,26,3,147.83
262,44,2,260.62
262,16,2,119.4
263,7,3,170.18
263,12,1,379.35
263,21,2,43.49
264,15,1,224.88
265,3,1,329.4
266,41,3,336.79
266,3,3,329.4
266,7,2,170.18
267,16,1,119.4
267,19,1,45.71
267,20,2,257.37
267,42,1,192.27
268,6,2,19.81
268,38,3,139.35
268,10,2,53.9
269,27,3,318.78
269,19,2,45.71
269,16,3,119.4
270,40,3,319.77
270,37,1,316.69
270,42,2,192.27
270,13,3,236.29
271,40,2,319.77
271,31,2,245.54
271,2,1,262.12
272,38,2,139.35
272,1,2,379.41
272,11,1,254.1
272,21,3,43.49
273,14,2,390.62
273,4,1,149.45
273,11,3,254.1
274,43,1,28.96
274,34,2,65.03
274,29,2,212.45
274,48,1,145.41
275,27,2,318.78
275,43,2,28.96
276,34,1,65.03
276,48,3,145.41
276,49,2,51.25
277,27,1,318.78
277,1,2,379.41
278,32,2,51.64
279,40,3,319.77
279,8,2,40.83
279,29,3,212.45
280,19,2,45.71
280,26,3,147.83
280,36,3,307.01
281,48,2,145.41
282,35,2,171.57
282,10,2,53.9
283,6,2,19.81
283,21,3,43.49
284,1,1,379.41
284,4,2,149.45
284,37,2,316.69
284,20,3,257.37
285,34,3,65.03
285,47,3,13.91
285,28,2,37.33
285,30,2,293.13
286,29,1,212.45
286,44,1,260.62
286,34,1,65.03
287,42,3,192.27
287,37,1,316.69
287,13,2,236.29
287,32,2,51.64
288,45,3,117.42
288,48,1,145.41
288,11,2,254.1
289,33,1,70.16
289,8,3,40.83
289,19,3,45.71
290,34,2,65.03
290,33,1,70.16
291,4,3,149.45
291,37,3,316.69
292,45,2,117.42
293,20,2,257.37
294,13,1,236.29
295,42,3,192.27
295,33,1,70.16
295,37,1,316.69
296,11,3,254.1
296,49,3,51.25
297,11,3,254.1
298,4,3,149.45
298,1,3,379.41
298,50,3,91.19
298,21,1,43.49
299,11,1,254.1
299,18,3,126.85
299,7,3,170.18
300,40,2,319.77
300,2,1,262.12
300,15,2,224.88
300,38,1,139.35
301,16,1,119.4
301,3,1,329.4
302,30,2,293.13
303,5,1,364.33
303,44,2,260.62
303,44,3,260.62
303,38,1,139.35
304,2,1,262.12
304,6,1,19.81
304,11,2,254.1
304,25,1,188.91
305,8,2,40.83
305,35,2,171.57
305,22,2,227.93
306,23,3,86.35
306,16,2,119.4
306,13,2,236.29
306,19,2,45.71
307,43,1,28.96
307,22,1,227.93
307,16,3,119.4
308,35,1,171.57
308,36,2,307.01
308,30,1,293.13
309,47,2,13.91
309,25,3,188.91
310,33,1,70.16
310,15,2,224.88
310,44,1,260.62
310,46,2,355.38
311,35,1,171.57
311,26,3,147.83
311,33,1,70.16
312,35,2,171.57
313,20,1,257.37
313,25,3,188.91
314,21,1,43.49
314,43,1,28.96
315,13,1,236.29
315,46,2,355.38
315,6,1,19.81
316,19,2,45.71
316,26,2,147.83
316,50,3,91.19
316,41,1,336.79
317,44,3,260.62
317,45,2,117.42
317,27,1,318.78
318,26,2,147.83
318,41,1,336.79
319,39,3,239.78
319,15,3,224.88
319,44,1,260.62
320,28,1,37.33
320,49,2,51.25
321,36,2,307.01
322,37,2,316.69
322,46,3,355.38
323,1,1,379.41
323,49,3,51.25
323,19,1,45.71
324,16,3,119.4
325,50,2,91.19
325,48,1,145.41
326,48,3,145.41
326,15,2,224.88
326,34,1,65.03
326,23,2,86.35
327,33,1,70.16
327,44,3,260.62
327,14,2,390.62
327,44,3,260.62
328,3,3,329.4
328,36,2,307.01
329,35,2,171.57
329,16,1,119.4
330,6,1,19.81
330,41,2,336.79
330,9,1,28.35
330,44,3,260.62
331,46,1,355.38
331,1,3,379.41
332,45,2,117.42
332,9,3,28.35
332,10,3,53.9
333,36,2,307.01
334,39,2,239.78
334,50,2,91.19
335,1,2,379.41
335,32,1,51.64
335,3,1,329.4
336,45,2,117.42
337,29,2,212.45
337,37,2,316.69
337,19,1,45.71
338,30,2,293.13
339,7,3,170.18
339,32,2,51.64
339,32,1,51.64
340,6,3,19.81
340,19,3,45.71
340,40,3,319.77
341,6,1,19.81
341,48,1,145.41
342,24,1,173.9
342,41,3,336.79
342,44,1,260.62
343,25,1,188.91
343,42,2,192.27
343,21,1,43.49
344,17,1,218.57
344,4,1,149.45
344,7,3,170.18
345,32,2,51.64
345,32,3,51.64
346,10,3,53.9
347,41,2,336.79
347,6,1,19.81
347,29,2,212.45
347,13,1,236.29
348,40,3,319.77
349,43,1,28.96
350,29,1,212.45
351,25,2,188.91
351,1,2,379.41
352,31,1,245.54
352,35,2,171.57
353,26,3,147.83
353,40,1,319.77
354,37,3,316.69
354,27,2,318.78
354,31,3,245.54
355,34,3,65.03
355,2,1,262.12
355,15,3,224.88
356,10,3,53.9
357,24,3,173.9
357,16,3,119.4
357,29,2,212.45
357,17,1,218.57
358,15,2,224.88
359,46,2,355.38
359,15,3,224.88
359,30,1,293.13
360,48,3,145.41
361,44,1,260.62
361,29,1,212.45
361,33,3,70.16
361,33,3,70.16
362,30,3,293.13
363,37,2,316.69
363,50,1,91.19
364,26,1,147.83
365,45,3,117.42
366,46,1,355.38
367,37,1,316.69
367,47,2,13.91
368,49,3,51.25
368,44,1,260.62
368,17,1,218.57
369,47,2,13.91
369,3,3,329.4
369,23,1,86.35
370,3,3,329.4
371,45,2,117.42
371,2,3,262.12
372,8,1,40.83
372,17,1,218.57
372,10,3,53.9
372,19,3,45.71
373,35,3,171.57
373,49,2,51.25
373,29,1,212.45
374,33,2,70.16
374,3,1,329.4
374,5,1,364.33
374,40,3,319.77
375,11,3,254.1
375,29,2,212.45
375,15,3,224.88
375,34,1,65.03
376,20,1,257.37
376,38,3,139.35
377,47,2,13.91
377,22,3,227.93
377,30,2,293.13
378,38,2,139.35
378,22,1,227.93
378,2,1,262.12
379,47,3,13.91
379,10,2,53.9
380,23,3,86.35
380,37,3,316.69
380,38,1,139.35
381,13,2,236.29
382,24,2,173.9
383,20,2,257.37
384,23,3,86.35
384,46,2,355.38
385,43,2,28.96
385,31,3,245.54
385,24,1,173.9
386,14,1,390.62
386,43,2,28.96
387,11,3,254.1
387,5,1,364.33
387,20,3,257.37
388,5,1,364.33
388,38,1,139.35
388,38,1,139.35
389,23,3,86.35
389,28,3,37.33
389,5,2,364.33
389,21,1,43.49
390,49,1,51.25
391,14,1,390.62
392,33,3,70.16
392,7,1,170.18
392,16,3,119.4
393,6,1,19.81
394,1,1,379.41
394,18,3,126.85
395,2,1,262.12
395,21,2,43.49
395,48,1,145.41
396,12,1,379.35
396,27,1,318.78
396,6,3,19.81
397,17,2,218.57
397,1,1,379.41
397,21,3,43.49
397,42,2,192.27
398,11,1,254.1
398,2,1,262.12
398,14,1,390.62
399,28,2,37.33
399,35,3,171.57
399,38,3,139.35
400,15,3,224.88
400,40,2,319.77
400,46,2,355.38
401,42,3,192.27
401,46,2,355.38
401,36,2,307.01
402,9,2,28.35
402,1,3,379.41
402,31,1,245.54
403,26,1,147.83
403,2,3,262.12
404,36,1,307.01
404,17,3,218.57
405,34,1,65.03
405,23,3,86.35
406,41,2,336.79
406,25,2,188.91
407,43,3,28.96
408,44,2,260.62
408,4,1,149.45
408,37,2,316.69
408,27,2,318.78
409,17,1,218.57
410,23,1,86.35
410,21,2,43.49
411,14,3,390.62
411,11,2,254.1
411,50,2,91.19
411,49,1,51.25
412,1,2,379.41
412,16,1,119.4
412,21,3,43.49
413,38,1,139.35
413,14,3,390.62
414,28,1,37.33
414,20,3,257.37
415,9,2,28.35
416,7,1,170.18
416,30,3,293.13
416,26,1,147.83
417,22,1,227.93
417,38,1,139.35
417,13,3,236.29
417,45,1,117.42
418,37,2,316.69
418,45,1,117.42
419,5,1,364.33
419,8,2,40.83
419,9,3,28.35
420,44,3,260.62
420,10,3,53.9
421,34,2,65.03
422,15,3,224.88
422,5,2,364.33
423,18,1,126.85
423,3,1,329.4
423,33,1,70.16
424,1,2,379.41
424,45,1,117.42
424,42,2,192.27
425,45,2,117.42
425,48,3,145.41
425,18,2,126.85
426,25,1,188.91
426,25,2,188.91
426,27,1,318.78
426,41,1,336.79
427,45,3,117.42
427,47,2,13.91
427,16,1,119.4
428,46,1,355.38
429,44,3,260.62
429,29,3,212.45
429,43,2,28.96
430,48,3,145.41
430,31,3,245.54
430,22,3,227.93
430,35,2,171.57
431,23,3,86.35
431,5,2,364.33
431,34,2,65.03
431,40,3,319.77
432,40,2,319.77
432,17,2,218.57
433,37,1,316.69
433,10,1,53.9
433,49,3,51.25
433,24,3,173.9
434,16,3,119.4
434,12,1,379.35
434,43,2,28.96
435,21,2,43.49
436,10,3,53.9
436,17,2,218.57
436,7,2,170.18
436,23,3,86.35
437,43,1,28.96
437,18,2,126.85
437,19,2,45.71
437,45,1,117.42
438,49,3,51.25
438,10,1,53.9
439,34,3,65.03
439,16,3,119.4
439,24,3,173.9
439,22,2,227.93
440,1,3,379.41
440,17,1,218.57
441,21,2,43.49
441,16,2,119.4
441,29,1,212.45
442,13,1,236.29
443,3,3,329.4
443,29,2,212.45
443,24,1,173.9
444,42,3,192.27
444,17,2,218.57
444,16,2,119.4
444,38,1,139.35
445,5,3,364.33
445,14,2,390.62
445,5,1,364.33
446,34,2,65.03
446,32,3,51.64
446,49,1,51.25
446,7,3,170.18
447,27,2,318.78
447,12,1,379.35
447,29,2,212.45
447,32,1,51.64
448,48,1,145.41
448,26,3,147.83
449,50,2,91.19
449,50,2,91.19
449,8,1,40.83
450,7,2,170.18
451,4,3,149.45
451,13,3,236.29
451,22,2,227.93
451,4,3,149.45
452,27,1,318.78
452,41,1,336.79
453,12,3,379.35
454,21,2,43.49
455,33,2,70.16
455,44,1,260.62
455,20,2,257.37
455,16,2,119.4
456,13,1,236.29
456,4,1,149.45
456,35,3,171.57
457,46,3,355.38
457,10,2,53.9
457,22,1,227.93
457,30,3,293.13
458,1,3,379.41
458,5,2,364.33
458,37,2,316.69
459,19,1,45.71
459,46,1,355.38
459,38,3,139.35
459,30,2,293.13
460,4,1,149.45
460,28,3,37.33
461,39,2,239.78
462,32,1,51.64
462,44,3,260.62
463,10,3,53.9
463,14,3,390.62
464,6,1,19.81
464,27,1,318.78
465,44,2,260.62
465,10,1,53.9
465,45,1,117.42
465,3,1,329.4
466,46,3,355.38
466,47,1,13.91
466,20,2,257.37
467,43,1,28.96
467,26,1,147.83
468,15,3,224.88
468,35,3,171.57
468,6,1,19.81
469,28,2,37.33
469,44,2,260.62
470,43,1,28.96
471,19,2,45.71
472,13,2,236.29
473,13,1,236.29
474,3,3,329.4
474,39,1,239.78
474,1,2,379.41
475,4,1,149.45
475,22,2,227.93
475,29,2,212.45
476,12,1,379.35
476,20,1,257.37
476,47,3,13.91
477,11,3,254.1
478,3,3,329.4
479,27,3,318.78
479,23,1,86.35
480,24,1,173.9
480,43,1,28.96
481,20,1,257.37
481,17,1,218.57
481,7,1,170.18
481,8,1,40.83
482,21,2,43.49
483,33,2,70.16
484,36,1,307.01
484,9,1,28.35
484,47,3,13.91
484,33,1,70.16
485,32,3,51.64
486,6,1,19.81
486,10,2,53.9
487,19,3,45.71
488,15,1,224.88
488,39,3,239.78
489,39,2,239.78
490,20,2,257.37
490,6,2,19.81
491,27,2,318.78
491,3,1,329.4
491,16,1,119.4
492,10,2,53.9
492,50,1,91.19
493,46,1,355.38
493,1,2,379.41
493,3,2,329.4
494,13,3,236.29
495,42,3,192.27
496,44,3,260.62
496,32,1,51.64
496,17,3,218.57
496,20,1,257.37
497,28,2,37.33
497,41,3,336.79
498,5,2,364.33
499,38,2,139.35
499,36,1,307.01
500,26,3,147.83
501,25,2,188.91
501,6,1,19.81
501,42,3,192.27
502,20,1,257.37
502,20,2,257.37
502,39,1,239.78
502,8,2,40.83
503,30,1,293.13
503,22,3,227.93
503,14,1,390.62
504,19,2,45.71
505,27,3,318.78
505,35,1,171.57
505,8,1,40.83
505,44,3,260.62
506,18,2,126.85
506,10,2,53.9
506,11,1,254.1
506,23,3,86.35
507,33,3,70.16
507,13,1,236.29
507,26,3,147.83
508,16,2,119.4
509,44,1,260.62
509,36,3,307.01
509,49,3,51.25
510,43,2,28.96
510,5,3,364.33
510,40,2,319.77
511,20,3,257.37
511,46,3,355.38
511,44,2,260.62
512,32,2,51.64
512,45,1,117.42
512,4,3,149.45
512,8,3,40.83
513,47,3,13.91
513,48,2,145.41
514,1,2,379.41
514,10,1,53.9
515,26,1,147.83
516,41,1,336.79
516,19,3,45.71
516,2,2,262.12
517,44,3,260.62
518,45,2,117.42
518,21,1,43.49
518,37,2,316.69
519,13,3,236.29
519,4,1,149.45
520,4,3,149.45
520,20,2,257.37
520,50,2,91.19
521,31,1,245.54
521,40,2,319.77
521,29,2,212.45
522,26,2,147.83
522,25,2,188.91
522,18,1,126.85
523,41,1,336.79
523,50,2,91.19
523,3,1,329.4
523,18,3,126.85
524,49,1,51.25
524,18,2,126.85
524,24,3,173.9
524,26,3,147.83
525,29,1,212.45
525,3,3,329.4
525,45,3,117.42
526,17,1,218.57
526,5,3,364.33
526,7,3,170.18
527,20,1,257.37
528,50,2,91.19
529,32,2,51.64
529,23,1,86.35
529,46,1,355.38
529,35,3,171.57
530,9,1,28.35
530,22,3,227.93
530,5,2,364.33
531,37,2,316.69
531,26,1,147.83
532,10,1,53.9
532,43,1,28.96
533,48,3,145.41
534,40,2,319.77
534,46,1,355.38
534,50,3,91.19
534,39,3,239.78
535,20,1,257.37
535,24,3,173.9
536,45,3,117.42
537,1,2,379.41
537,41,1,336.79
538,29,3,212.45
539,35,2,171.57
540,41,2,336.79
540,22,3,227.93
540,37,1,316.69
541,37,3,316.69
541,46,1,355.38
541,15,1,224.88
542,24,1,173.9
542,41,2,336.79
542,47,1,13.91
542,38,1,139.35
543,15,3,224.88
543,4,2,149.45
543,35,2,171.57
543,43,2,28.96
544,28,2,37.33
544,44,3,260.62
545,40,1,319.77
545,8,2,40.83
545,11,2,254.1
546,29,1,212.45
547,36,3,307.01
547,19,3,45.71
548,5,2,364.33
549,36,2,307.01
549,41,1,336.79
549,37,3,316.69
550,3,3,329.4
551,2,3,262.12
551,30,1,293.13
551,22,1,227.93
551,10,2,53.9
552,22,2,227.93
553,33,2,70.16
553,14,2,390.62
553,17,3,218.57
554,34,2,65.03
554,50,3,91.19
554,47,2,13.91
555,1,1,379.41
555,14,3,390.62
556,1,1,379.41
557,21,2,43.49
558,50,3,91.19
558,14,1,390.62
558,16,1,119.4
558,23,2,86.35
559,13,2,236.29
559,30,3,293.13
560,49,1,51.25
560,37,3,316.69
560,47,1,13.91
560,31,1,245.54
561,46,3,355.38
561,31,3,245.54
562,32,3,51.64
563,15,1,224.88
563,26,3,147.83
564,16,1,119.4
565,4,2,149.45
565,16,1,119.4
565,50,3,91.19
565,3,3,329.4
566,3,1,329.4
566,30,1,293.13
566,31,1,245.54
567,34,1,65.03
567,40,3,319.77
568,1,1,379.41
568,2,3,262.12
568,42,1,192.27
568,33,3,70.16
569,46,1,355.38
570,30,2,293.13
570,43,1,28.96
570,36,3,307.01
571,14,1,390.62
571,46,3,355.38
571,48,1,145.41
571,43,2,28.96
572,44,1,260.62
572,6,3,19.81
572,16,1,119.4
573,20,2,257.37
573,10,2,53.9
573,39,3,239.78
574,5,1,364.33
575,34,2,65.03
575,30,2,293.13
576,49,3,51.25
576,49,1,51.25
577,43,3,28.96
578,40,2,319.77
578,29,2,212.45
579,23,1,86.35
579,21,2,43.49
579,7,1,170.18
580,49,3,51.25
580,49,2,51.25
580,18,1,126.85
580,1,2,379.41
581,35,2,171.57
581,22,1,227.93
582,35,1,171.57
583,41,2,336.79
583,24,1,173.9
583,35,1,171.57
583,30,1,293.13
584,27,3,318.78
584,45,3,117.42
585,19,1,45.71
585,46,2,355.38
586,40,3,319.77
586,11,3,254.1
586,48,2,145.41
586,49,2,51.25
587,6,3,19.81
588,42,1,192.27
588,39,1,239.78
589,5,3,364.33
590,24,1,173.9
591,42,3,192.27
591,45,2,117.42
591,50,2,91.19
591,12,1,379.35
592,45,3,117.42
592,12,2,379.35
592,47,1,13.91
592,30,2,293.13
593,15,1,224.88
593,14,2,390.62
593,43,2,28.96
593,18,3,126.85
594,11,3,254.1
595,12,1,379.35
595,10,2,53.9
595,7,1,170.18
596,37,3,316.69
597,1,2,379.41
597,9,2,28.35
597,24,3,173.9
598,48,2,145.41
598,24,2,173.9
598,11,3,254.1
599,19,2,45.71
599,49,1,51.25
600,49,2,51.25
600,24,1,173.9
601,4,1,149.45
602,19,1,45.71
602,31,2,245.54
603,36,3,307.01
603,32,1,51.64
603,26,1,147.83
603,32,2,51.64
604,4,1,149.45
604,13,1,236.29
604,18,2,126.85
604,29,2,212.45
605,5,3,364.33
606,37,3,316.69
606,25,1,188.91
607,16,3,119.4
608,7,1,170.18
608,31,2,245.54
609,5,2,364.33
609,41,2,336.79
610,5,1,364.33
610,46,2,355.38
610,31,2,245.54
611,42,2,192.27
612,50,2,91.19
612,43,3,28.96
613,25,2,188.91
613,48,1,145.41
614,45,1,117.42
614,2,3,262.12
615,3,2,329.4
615,29,1,212.45
616,38,1,139.35
616,5,2,364.33
616,2,3,262.12
617,15,1,224.88
617,31,2,245.54
617,33,3,70.16
617,32,3,51.64
618,31,1,245.54
618,20,2,257.37
619,27,1,318.78
620,37,2,316.69
621,10,3,53.9
622,36,3,307.01
622,46,2,355.38
622,9,2,28.35
622,16,3,119.4
623,9,3,28.35
623,9,3,28.35
624,28,1,37.33
624,6,3,19.81
625,10,3,53.9
625,18,3,126.85
626,7,1,170.18
626,19,1,45.71
626,19,1,45.71
626,9,2,28.35
627,43,3,28.96
627,46,3,355.38
627,38,1,139.35
628,34,3,65.03
628,13,2,236.29
628,5,3,364.33
629,45,2,117.42
629,42,1,192.27
630,44,1,260.62
630,45,3,117.42
630,4,3,149.45
631,1,2,379.41
631,31,2,245.54
631,44,3,260.62
632,15,2,224.88
632,6,1,19.81
632,35,2,171.57
633,24,3,173.9
633,46,2,355.38
634,9,1,28.35
634,41,1,336.79
634,18,1,126.85
635,40,2,319.77
635,42,1,192.27
635,31,3,245.54
635,30,2,293.13
636,46,2,355.38
636,21,1,43.49
636,31,3,245.54
637,26,2,147.83
637,8,3,40.83
638,41,1,336.79
638,46,3,355.38
639,42,2,192.27
639,11,1,254.1
639,39,2,239.78
640,1,3,379.41
640,35,2,171.57
641,5,1,364.33
642,1,1,379.41
642,15,1,224.88
643,8,1,40.83
644,22,1,227.93
644,34,2,65.03
644,21,2,43.49
644,27,3,318.78
645,6,2,19.81
646,40,1,319.77
647,22,3,227.93
647,32,1,51.64
647,13,3,236.29
648,25,2,188.91
648,46,1,355.38
648,15,2,224.88
648,5,2,364.33
649,13,3,236.29
649,29,2,212.45
650,37,2,316.69
650,9,1,28.35
650,13,3,236.29
650,14,1,390.62
651,33,2,70.16
651,34,3,65.03
651,22,3,227.93
652,15,3,224.88
653,40,1,319.77
653,12,1,379.35
653,20,3,257.37
653,17,1,218.57
654,50,2,91.19
654,46,3,355.38
654,44,3,260.62
654,20,2,257.37
655,4,3,149.45
655,21,1,43.49
655,19,1,45.71
656,12,3,379.35
656,16,2,119.4
657,33,3,70.16
658,34,2,65.03
658,50,1,91.19
658,7,3,170.18
658,5,3,364.33
659,17,3,218.57
660,31,3,245.54
660,27,3,318.78
660,24,3,173.9
661,7,2,170.18
662,3,3,329.4
662,9,1,28.35
663,20,3,257.37
664,34,1,65.03
664,10,2,53.9
664,45,1,117.42
664,46,3,355.38
665,34,1,65.03
665,45,1,117.42
666,11,1,254.1
666,12,2,379.35
666,49,2,51.25
666,46,2,355.38
667,36,1,307.01
667,6,2,19.81
667,48,3,145.41
667,25,2,188.91
668,49,2,51.25
668,26,3,147.83
668,13,3,236.29
669,33,2,70.16
670,45,1,117.42
670,40,2,319.77
670,21,1,43.49
670,47,3,13.91
671,4,1,149.45
671,15,3,224.88
671,23,1,86.35
671,49,2,51.25
672,15,2,224.88
672,18,2,126.85
672,20,2,257.37
673,19,1,45.71
673,15,1,224.88
673,44,2,260.62
673,49,3,51.25
674,47,1,13.91
675,33,3,70.16
675,21,2,43.49
675,28,2,37.33
676,43,1,28.96
676,23,1,86.35
676,21,1,43.49
677,36,2,307.01
678,47,2,13.91
678,24,1,173.9
679,2,1,262.12
679,15,2,224.88
679,5,3,364.33
680,13,2,236.29
681,25,2,188.91
681,41,3,336.79
681,37,2,316.69
681,21,2,43.49
682,37,1,316.69
682,39,3,239.78
682,34,1,65.03
683,43,1,28.96
684,43,3,28.96
684,8,3,40.83
684,37,1,316.69
685,2,3,262.12
685,9,2,28.35
685,6,1,19.81
685,34,2,65.03
686,48,3,145.41
686,4,1,149.45
687,41,3,336.79
687,5,2,364.33
687,13,2,236.29
687,20,2,257.37
688,43,1,28.96
689,12,1,379.35
689,42,3,192.27
690,4,1,149.45
690,14,3,390.62
690,2,3,262.12
691,10,3,53.9
691,14,1,390.62
691,10,3,53.9
691,29,1,212.45
692,39,2,239.78
692,15,2,224.88
692,14,3,390.62
693,50,1,91.19
694,35,2,171.57
694,15,3,224.88
695,13,3,236.29
695,47,3,13.91
696,18,2,126.85
696,33,1,70.16
697,5,3,364.33
698,30,1,293.13
698,41,1,336.79
698,35,2,171.57
699,11,2,254.1
699,23,3,86.35
700,41,1,336.79
700,29,1,212.45
701,8,3,40.83
701,19,1,45.71
701,27,2,318.78
702,18,2,126.85
702,34,1,65.03
702,31,3,245.54
702,33,1,70.16
703,23,3,86.35
704,23,3,86.35
705,42,1,192.27
705,30,3,293.13
705,36,1,307.01
705,3,3,329.4
706,28,3,37.33
706,20,1,257.37
706,36,3,307.01
706,43,3,28.96
707,41,2,336.79
707,44,2,260.62
708,22,1,227.93
708,36,3,307.01
709,8,1,40.83
709,2,3,262.12
709,21,2,43.49
710,34,1,65.03
710,23,3,86.35
710,35,2,171.57
711,17,2,218.57
711,40,3,319.77
711,37,2,316.69
712,24,3,173.9
713,19,2,45.71
713,11,3,254.1
713,25,1,188.91
714,48,1,145.41
715,4,2,149.45
715,17,1,218.57
716,50,1,91.19
717,47,2,13.91
717,28,1,37.33
717,41,3,336.79
717,49,1,51.25
718,6,1,19.81
719,21,3,43.49
720,30,1,293.13
721,44,1,260.62
721,24,1,173.9
721,28,2,37.33
722,15,2,224.88
722,2,3,262.12
722,46,1,355.38
722,11,1,254.1
723,29,3,212.45
724,36,3,307.01
724,1,2,379.41
724,29,1,212.45
724,39,3,239.78
725,4,3,149.45
725,34,1,65.03
726,11,3,254.1
726,42,1,192.27
726,33,3,70.16
726,33,1,70.16
727,37,2,316.69
727,47,3,13.91
728,21,2,43.49
728,13,2,236.29
729,38,3,139.35
730,40,2,319.77
730,11,3,254.1
730,35,2,171.57
731,10,2,53.9
732,19,3,45.71
732,33,2,70.16
732,46,1,355.38
732,6,3,19.81
733,18,1,126.85
733,39,2,239.78
733,29,3,212.45
733,17,1,218.57
734,7,1,170.18
734,32,3,51.64
734,20,1,257.37
735,24,1,173.9
735,33,3,70.16
735,34,2,65.03
736,30,3,293.13
736,21,2,43.49
736,44,3,260.62
737,44,2,260.62
737,4,3,149.45
738,16,2,119.4
738,33,1,70.16
738,29,2,212.45
738,2,1,262.12
739,39,2,239.78
739,46,1,355.38
739,47,2,13.91
739,22,3,227.93
740,42,1,192.27
741,11,1,254.1
741,31,1,245.54
742,11,3,254.1
742,20,1,257.37
743,14,1,390.62
743,27,2,318.78
743,21,3,43.49
743,4,3,149.45
744,31,3,245.54
744,13,2,236.29
744,11,3,254.1
744,44,1,260.62
745,9,2,28.35
745,31,2,245.54
746,36,2,307.01
747,22,1,227.93
747,24,2,173.9
748,22,2,227.93
748,37,3,316.69
748,12,2,379.35
749,30,1,293.13
749,19,2,45.71
750,31,3,245.54
750,13,3,236.29
750,43,3,28.96
751,20,2,257.37
751,46,1,355.38
752,1,1,379.41
752,36,1,307.01
752,14,3,390.62
752,33,3,70.16
753,44,2,260.62
754,18,1,126.85
755,37,3,316.69
755,1,3,379.41
755,27,2,318.78
756,1,3,379.41
756,13,1,236.29
757,18,3,126.85
758,26,3,147.83
758,2,1,262.12
758,39,3,239.78
758,28,1,37.33
759,28,2,37.33
759,43,1,28.96
760,11,2,254.1
760,47,2,13.91
760,36,1,307.01
760,23,2,86.35
761,11,1,254.1
761,10,1,53.9
762,33,3,70.16
762,37,1,316.69
762,36,2,307.01
763,47,1,13.91
764,49,1,51.25
764,16,2,119.4
765,28,2,37.33
765,31,1,245.54
765,15,3,224.88
765,4,2,149.45
766,13,1,236.29
766,17,1,218.57
767,42,1,192.27
767,28,2,37.33
767,5,3,364.33
768,12,2,379.35
768,28,2,37.33
769,38,1,139.35
769,32,1,51.64
770,41,1,336.79
770,19,3,45.71
771,34,3,65.03
772,11,1,254.1
772,43,1,28.96
772,28,2,37.33
772,43,2,28.96
773,45,1,117.42
774,27,1,318.78
774,35,3,171.57
775,18,3,126.85
775,43,2,28.96
776,45,2,117.42
776,5,1,364.33
776,6,1,19.81
776,4,3,149.45
777,25,3,188.91
778,7,3,170.18
778,32,3,51.64
779,9,1,28.35
779,5,2,364.33
779,28,1,37.33
779,43,3,28.96
780,46,1,355.38
781,15,3,224.88
782,45,2,117.42
782,27,3,318.78
783,12,1,379.35
783,9,1,28.35
783,35,3,171.57
783,28,1,37.33
784,46,1,355.38
784,8,2,40.83
784,6,3,19.81
785,23,1,86.35
786,42,3,192.27
786,35,1,171.57
786,20,3,257.37
786,14,2,390.62
787,23,3,86.35
787,36,3,307.01
787,15,3,224.88
788,33,1,70.16
788,27,2,318.78
789,35,2,171.57
790,50,2,91.19
790,34,2,65.03
790,16,3,119.4
790,33,3,70.16
791,26,3,147.83
791,3,2,329.4
791,31,2,245.54
792,23,3,86.35
792,20,2,257.37
792,24,1,173.9
792,49,2,51.25
793,28,3,37.33
793,48,3,145.41
794,18,3,126.85
795,3,2,329.4
795,39,3,239.78
795,43,2,28.96
795,15,2,224.88
796,32,1,51.64
796,24,1,173.9
797,22,2,227.93
797,29,2,212.45
798,42,1,192.27
798,46,1,355.38
799,22,1,227.93
799,12,1,379.35
800,50,2,91.19
800,33,1,70.16
801,39,2,239.78
801,2,2,262.12
801,25,1,188.91
801,25,1,188.91
802,22,1,227.93
802,44,1,260.62
802,40,3,319.77
803,19,1,45.71
803,13,3,236.29
804,8,1,40.83
804,37,2,316.69
804,34,3,65.03
805,8,1,40.83
805,14,2,390.62
805,20,2,257.37
805,24,1,173.9
806,16,3,119.4
806,28,1,37.33
806,22,3,227.93
806,16,2,119.4
807,18,2,126.85
807,50,3,91.19
807,31,2,245.54
808,30,1,293.13
808,39,3,239.78
808,12,3,379.35
808,31,3,245.54
809,49,3,51.25
809,29,1,212.45
809,20,2,257.37
810,6,1,19.81
811,27,3,318.78
811,30,2,293.13
811,45,2,117.42
811,34,2,65.03
812,8,2,40.83
812,19,3,45.71
812,14,1,390.62
812,25,2,188.91
813,19,1,45.71
813,40,3,319.77
813,24,1,173.9
814,9,2,28.35
814,44,1,260.62
814,22,1,227.93
815,26,1,147.83
815,11,3,254.1
816,24,2,173.9
816,17,1,218.57
816,12,3,379.35
816,30,1,293.13
817,15,2,224.88
817,44,2,260.62
817,44,1,260.62
817,32,3,51.64
818,5,3,364.33
818,12,3,379.35
819,45,3,117.42
819,50,1,91.19
820,36,3,307.01
820,9,3,28.35
820,31,3,245.54
821,20,2,257.37
821,44,1,260.62
821,35,3,171.57
822,48,2,145.41
822,37,1,316.69
822,49,2,51.25
822,32,2,51.64
823,6,3,19.81
824,18,1,126.85
824,12,3,379.35
825,29,1,212.45
825,45,2,117.42
826,21,3,43.49
826,22,3,227.93
827,5,1,364.33
827,2,3,262.12
827,47,1,13.91
828,43,2,28.96
828,20,3,257.37
828,6,1,19.81
829,4,3,149.45
830,43,3,28.96
831,25,3,188.91
831,35,2,171.57
832,18,2,126.85
832,48,3,145.41
833,26,1,147.83
833,15,1,224.88
833,14,2,390.62
834,33,2,70.16
834,2,3,262.12
834,49,3,51.25
835,11,2,254.1
835,32,3,51.64
836,28,1,37.33
836,31,3,245.54
837,23,3,86.35
837,7,2,170.18
838,31,2,245.54
839,21,2,43.49
839,1,2,379.41
840,45,1,117.42
840,19,3,45.71
841,28,3,37.33
841,46,2,355.38
841,13,1,236.29
841,10,2,53.9
842,15,3,224.88
842,28,2,37.33
842,18,1,126.85
843,11,2,254.1
843,38,3,139.35
844,7,1,170.18
844,13,2,236.29
844,3,3,329.4
844,37,1,316.69
845,41,3,336.79
845,39,1,239.78
845,37,1,316.69
846,31,1,245.54
847,10,2,53.9
847,36,3,307.01
847,7,1,170.18
848,14,1,390.62
848,17,2,218.57
849,17,1,218.57
849,20,2,257.37
850,8,1,40.83
850,1,1,379.41
850,22,3,227.93
850,7,2,170.18
851,14,2,390.62
851,3,2,329.4
852,15,2,224.88
852,27,1,318.78
852,40,3,319.77
852,48,2,145.41
853,18,1,126.85
853,27,2,318.78
853,14,3,390.62
853,4,3,149.45
854,36,3,307.01
854,8,1,40.83
855,1,2,379.41
856,13,2,236.29
856,9,2,28.35
857,10,3,53.9
857,26,3,147.83
858,25,2,188.91
859,22,1,227.93
859,9,1,28.35
860,19,2,45.71
861,6,3,19.81
862,50,3,91.19
863,41,3,336.79
863,48,2,145.41
863,8,1,40.83
863,34,2,65.03
864,7,2,170.18
864,15,2,224.88
864,13,2,236.29
864,31,3,245.54
865,8,3,40.83
865,3,3,329.4
865,29,2,212.45
866,49,3,51.25
866,18,2,126.85
866,10,3,53.9
866,34,1,65.03
867,8,3,40.83
867,2,2,262.12
868,43,2,28.96
868,38,2,139.35
868,46,1,355.38
868,7,1,170.18
869,25,2,188.91
870,2,1,262.12
871,6,3,19.81
872,9,2,28.35
873,21,1,43.49
873,37,3,316.69
874,20,3,257.37
874,4,1,149.45
874,7,2,170.18
874,5,3,364.33
875,44,2,260.62
875,19,1,45.71
875,37,2,316.69
876,20,3,257.37
876,18,3,126.85
876,42,3,192.27
877,22,1,227.93
877,24,1,173.9
877,21,3,43.49
877,33,2,70.16
878,27,3,318.78
878,18,3,126.85
879,17,3,218.57
879,14,1,390.62
879,36,3,307.01
879,9,3,28.35
880,24,2,173.9
880,45,3,117.42
881,46,3,355.38
881,7,2,170.18
882,42,3,192.27
882,34,3,65.03
882,27,1,318.78
882,13,2,236.29
883,24,3,173.9
883,45,3,117.42
884,43,3,28.96
884,26,3,147.83
884,26,1,147.83
884,25,1,188.91
885,3,1,329.4
885,16,3,119.4
885,48,1,145.41
885,46,3,355.38
886,31,2,245.54
886,20,3,257.37
886,24,1,173.9
886,35,3,171.57
887,37,3,316.69
887,14,2,390.62
888,10,3,53.9
888,36,1,307.01
889,18,1,126.85
890,25,2,188.91
890,1,2,379.41
891,15,2,224.88
892,30,3,293.13
893,16,2,119.4
894,37,1,316.69
894,8,3,40.83
894,2,3,262.12
895,36,1,307.01
895,26,1,147.83
895,35,2,171.57
895,18,2,126.85
896,46,3,355.38
897,39,2,239.78
897,13,2,236.29
897,37,3,316.69
898,33,1,70.16
898,3,2,329.4
898,17,3,218.57
899,28,3,37.33
899,29,2,212.45
899,30,2,293.13
900,45,3,117.42
901,14,1,390.62
901,14,2,390.62
902,47,2,13.91
902,31,1,245.54
902,41,1,336.79
903,5,2,364.33
904,33,1,70.16
904,27,1,318.78
904,9,1,28.35
904,38,2,139.35
905,27,2,318.78
905,4,3,149.45
905,33,1,70.16
905,21,1,43.49
906,22,1,227.93
906,2,1,262.12
907,24,1,173.9
907,38,2,139.35
907,38,2,139.35
907,1,2,379.41
908,32,3,51.64
909,7,2,170.18
909,43,1,28.96
909,32,3,51.64
909,28,3,37.33
910,50,2,91.19
910,3,3,329.4
910,27,3,318.78
910,39,2,239.78
911,23,3,86.35
911,30,2,293.13
912,22,2,227.93
913,37,3,316.69
913,2,2,262.12
913,30,3,293.13
913,41,3,336.79
914,20,3,257.37
914,35,1,171.57
914,46,2,355.38
914,43,1,28.96
915,49,1,51.25
916,16,3,119.4
916,25,1,188.91
916,48,3,145.41
917,40,3,319.77
917,10,1,53.9
917,16,2,119.4
918,29,1,212.45
918,36,2,307.01
919,32,1,51.64
919,8,1,40.83
919,1,2,379.41
920,21,2,43.49
921,20,3,257.37
921,45,1,117.42
922,32,1,51.64
922,14,1,390.62
923,17,1,218.57
924,9,1,28.35
924,21,3,43.49
924,44,2,260.62
925,18,2,126.85
925,39,3,239.78
925,12,1,379.35
925,40,2,319.77
926,44,1,260.62
927,21,1,43.49
927,48,2,145.41
927,50,3,91.19
928,7,1,170.18
928,23,2,86.35
928,12,1,379.35
928,14,1,390.62
929,6,1,19.81
929,16,2,119.4
929,43,1,28.96
929,27,3,318.78
930,22,1,227.93
930,16,3,119.4
930,28,3,37.33
930,23,2,86.35
931,25,1,188.91
931,19,2,45.71
932,14,2,390.62
933,41,2,336.79
933,20,2,257.37
934,5,3,364.33
934,29,2,212.45
934,17,2,218.57
934,17,2,218.57
935,33,2,70.16
935,13,1,236.29
936,42,1,192.27
936,36,3,307.01
936,47,3,13.91
936,6,2,19.81
937,33,1,70.16
937,19,2,45.71
937,29,2,212.45
937,19,3,45.71
938,12,2,379.35
938,41,3,336.79
939,18,3,126.85
940,49,1,51.25
940,30,2,293.13
940,47,1,13.91
940,45,3,117.42
941,20,2,257.37
941,13,2,236.29
942,41,2,336.79
942,24,2,173.9
942,7,1,170.18
942,5,2,364.33
943,49,2,51.25
943,43,2,28.96
943,37,2,316.69
943,41,1,336.79
944,22,2,227.93
944,25,2,188.91
944,32,3,51.64
944,29,1,212.45
945,43,1,28.96
945,11,1,254.1
946,16,2,119.4
946,50,2,91.19
947,3,3,329.4
948,45,1,117.42
948,25,1,188.91
949,10,3,53.9
950,8,1,40.83
950,6,2,19.81
951,41,3,336.79
951,18,2,126.85
951,29,1,212.45
951,18,1,126.85
952,46,2,355.38
952,49,1,51.25
952,39,3,239.78
952,42,2,192.27
953,20,2,257.37
953,44,2,260.62
954,36,2,307.01
955,1,1,379.41
955,29,3,212.45
955,28,3,37.33
956,15,3,224.88
956,46,1,355.38
956,20,1,257.37
956,47,3,13.91
957,45,2,117.42
957,6,1,19.81
957,37,1,316.69
958,41,3,336.79
958,21,2,43.49
958,14,2,390.62
958,42,3,192.27
959,31,1,245.54
960,19,3,45.71
960,45,1,117.42
960,41,2,336.79
961,19,3,45.71
961,32,3,51.64
962,22,1,227.93
962,7,2,170.18
962,23,3,86.35
962,13,3,236.29
963,8,2,40.83
963,49,3,51.25
963,10,1,53.9
964,18,3,126.85
964,30,2,293.13
964,49,3,51.25
964,44,3,260.62
965,15,2,224.88
966,17,2,218.57
966,2,3,262.12
966,42,2,192.27
966,19,1,45.71
967,24,1,173.9
967,41,2,336.79
968,28,2,37.33
968,6,3,19.81
969,34,3,65.03
969,50,3,91.19
969,3,2,329.4
970,31,2,245.54
970,22,1,227.93
971,16,1,119.4
972,9,3,28.35
972,44,2,260.62
973,13,3,236.29
974,13,1,236.29
974,46,2,355.38
974,3,1,329.4
974,18,2,126.85
975,41,1,336.79
975,34,3,65.03
976,14,3,390.62
976,49,2,51.25
976,31,1,245.54
977,50,2,91.19
977,2,2,262.12
978,45,2,117.42
979,22,1,227.93
980,24,3,173.9
980,6,2,19.81
980,7,3,170.18
981,30,2,293.13
981,18,2,126.85
981,20,3,257.37
981,2,1,262.12
982,23,3,86.35
982,38,2,139.35
983,34,3,65.03
984,2,3,262.12
984,32,2,51.64
985,2,2,262.12
985,37,2,316.69
985,34,1,65.03
986,48,1,145.41
986,16,1,119.4
987,9,2,28.35
987,27,2,318.78
987,1,2,379.41
988,32,3,51.64
989,32,2,51.64
989,12,1,379.35
990,33,2,70.16
990,18,2,126.85
991,42,2,192.27
991,37,1,316.69
991,33,3,70.16
991,33,1,70.16
992,6,2,19.81
993,4,2,149.45
994,31,3,245.54
994,45,3,117.42
994,14,2,390.62
994,20,3,257.37
995,50,2,91.19
995,11,1,254.1
995,23,3,86.35
995,14,2,390.62
996,8,3,40.83
997,44,3,260.62
997,4,3,149.45
998,37,2,316.69
998,37,1,316.69
998,9,2,28.35
998,28,3,37.33
999,36,3,307.01
999,24,3,173.9
1000,24,2,173.9
1000,39,1,239.78
1000,29,1,212.45
