batch_id,mapper_partition,hub_id,hub_name,meals_delivered
B01,1,H01,Bayview,110000
B02,1,H02,Cedar,109000
B03,1,H03,Dunes,108000
B04,1,H04,Elm,107000
B05,1,H05,Forest,106000
B06,1,H06,Grove,105000
B07,1,H07,Harbor,104000
B08,1,H08,Island,103000
B09,1,H09,Juniper,102000
B10,1,H10,Kings,101000
B11,2,H11,Lake,110000
B12,2,H12,Mesa,109000
B13,2,H13,North,108000
B14,2,H14,Oak,107000
B15,2,H15,Pine,106000
B16,2,H16,Quarry,105000
B17,2,H17,River,104000
B18,2,H18,Summit,103000
B19,2,H19,Timber,102000
B20,2,H20,Valley,101000
B21,1,H21,Central,60000
B22,2,H21,Central,60000
B23,1,H01,Bayview,4000
B24,1,H03,Dunes,4000
B25,1,H05,Forest,4000
B26,1,H07,Harbor,4000
B27,1,H09,Juniper,4000
B28,2,H11,Lake,4000
B29,2,H13,North,4000
B30,2,H15,Pine,4000
B31,2,H17,River,4000
B32,2,H19,Timber,4000
